english;indonesian;Melayu;Chinese Simplified;Vi?t Nam
$ CURRENCY DETAIL;$ DETAIL KURS;;$????;Chi ti?t $ ngo?i t?
1-30 Days;1-30 Hari;;1-30?;1-30 ngày
31-60 Days;31-60 Hari;;31-60?;31-60 ngày
Abbreviation;Singkatan;;??;Tên vi?t t?t
Access Level;Tingkat Akses;;????;C?p ?? truy c?p
Access Setup;Pengaturan Akses;;????;cài ??t truy c?p
Account;Akun;;??;Tài kho?n
Account Code;Kode Akun;;????;Mã tài kho?n
Account Code 2:;Kode Akun 2:;;????2?;Mã Tài kho?n 2:
Account Code:;Kode Akun:;;?????;Mã tài kho?n:
Account Description;Deskripsi Akun;;????;Mô t? tài kho?n
Account Group:;Group Akun:;;????;Nhóm tài kho?n:
Account Name;Nama Akun;;???;Tên tài kho?n
Account Name:;Nama Akun:;;????;Tên tài kho?n:
Account Status:;Status Akun:;;?????;Tình tr?ng tài kho?n:
ACCOUNT TAG DETAIL;DETAIL TAG AKUN;;????;Th? tài kho?n
Account Tags;Tag Akun;;????;Th? tài kho?n
Account Tags:;Tag Akun:;;?????;Tài kho?n Tags:
Account Total;Total Akun;;????;tài kho?n T?ng s?
Account Type;Tipe Akun;;????;Ki?u tài kho?n
Accountant;Area Akuntant;;????;Di?n tích k? toán c?a
Accounts;Akun;;??;tài kho?n
Accounts Payable;Akun Hutang;;????;tài kho?n ph?i n?p
Accumulate batch shipping;Akumulasi pengiriman batch;;??????;Tích l?y v?n chuy?n hàng lo?t
Accumulated;Akumulasi;;??;tích l?y
Achieved;Terlampir;;??;??t ???c
Activity Greater Than;Aktivitas lebih besar dari;;????;Ho?t ??ng L?n h?n
Activity Less Than;Aktivitas Kurang dari;;????;Ho?t ??ng ít h?n
Activity Since;Aktivitas Sejak;;???;ho?t ??ng T?
Add New Customer;Tambahkan Pelanggan Baru;;?????;Add New khách hàng
Add New Delivery;Tambah Pengiriman Baru;;?????;Add New Delivery
Add New Deposit;Tambah Deposit Baru;;????;Add New Ti?n ??t c?c
Add New Invoice;Tambah Faktur baru;;?????;Add New Invoice
Add New Payment;Tambah Pembayaran Baru;;????;Thêm thanh toán m?i
Add New Quotation;Tambah Penawaran Baru;;?????;Add New Báo giá
Add New Sale Order;Tambah Order Penjualan Baru;;??????;Add New bán theo th? t?
Add Payment;Tambah Pembayaran;;????;Thêm thanh toán
Add price from Std Cost;Tambahkan harga dari Std Cost;;?????????;Thêm giá t? Std Chi phí
Address;Alamat;;??;??a ch? nhà
Addresses;Alamat;;??;??a ch?
Adjustment Account;Akun Penyesuaian;;????;Tài kho?n ?i?u ch?nh
ADJUSTMENT ITEMS;Penyesuaian Item;;????;M?C ?I?U CH?NH
Age Supplier Analysis;Analisis Pemasok;;???????;Phân tích Tu?i Nhà cung c?p
Aged Customer Analysis;Analisis Pelanggan;;??????;Phân tích khách hàng trong ?? tu?i
Aged Supplier Analysis;Analisis Pemasok;;???????;Phân tích Nhà cung c?p ?? tu?i
Alias/kit code;Alias / kode kit;;??/?????;Bí danh / code b?
All Customers;Semua Pelanggan;;????;T?t c? khách hàng
All Items;Semua Item;;????;T?t c? món ??
All Locations;Semua Lokasi;;????;T?t c? ??a ?i?m
Allocate Supplier Payments or Credit Notes;Mengalokasikan Pembayaran Pemasok atau Nota Kredit;;????????????;Phân b? Chi tr? nhà cung c?p ho?c ghi chú tín d?ng
Allocated;Dialokasikan;;??;phân b?
Allocation Customer Payments or Credit Notes;Alokasi Pembayaran Pelanggan atau Catatan Kredit;;???????????;Thanh toán phân b? khách hàng ho?c ghi chú tín d?ng
Allow Negative Inventory;Izinkan Inventaris Negatif;;?????;Cho phép Inventory Negative
Allowed cash sale terms selection;Pemilihan istilah penjualan tunai yang diizinkan;;???????????;Cho phép các ?i?u kho?n bán ti?n l?a ch?n
Allowed credit sale terms selection;Membolehkan pemilihan persyaratan penjualan kredit;;????????;Cho phép các ?i?u kho?n bán tín d?ng l?a ch?n
Amount;Jumlah;;?;S? ti?n
Amount max;Jumlah max;;???;max l??ng
Amount min;Jumlah min;;???;phút S? ti?n
Amount Total;Total Seluruh;;???;T?ng s? ti?n
Amounts;Jumlah;;??;L??ng
Annual Expense Breakdown;Kerugian Tahunan;;?????;Breakdown Chi phí hàng n?m
Assembly Account;Kumpulan Akun;;????;Tài kho?n h?i
Assets;Aset;;??;Tài s?n
Assignment;Tugas;;??;Chuy?n nh??ng
Attach Documents;Lampirkan Dokumen;;????;Tài li?u ?ính kèm
Attached File;Berkas Terlampis;;????;T?p tin ?ính kèm
Audit Trail;Histori Audit;;????;???ng mòn ki?m toán
Auto Update;Pembaruan Otomatis;;????;C?p nh?t t? ??ng
Automatic exchange rate update;Pembaruan nilai tukar otomatis;;??????;c?p nh?t t? giá h?i ?oái t? ??ng
Automatic Revaluation Currency Accounts;Rekening Kurs Revaluasi Otomatis;;????????;Tài kho?n t? ??ng ?ánh giá l?i ngo?i t?
Available;Tersedia;;???;có s?n
Back;Kembali;;??;Tr? l?i
Back Orders Only;Hanya Order Kembali;;??????;Ch? ??n ??t hàng tr? l?i
Balance;Keuangan;;??;Cân ??i
Balance Sheet;Neraca Keuangan;;?????;cân ??i k? toán
Balance Sheet Drilldown;Neraca Drilldown;;???????;Cân ??i k? toán Drilldown
Bank Account;Akun Bank;;????;Tài kho?n ngân hàng
Bank Account Currency;Kurs Bank;;??????;tài kho?n ti?n t? c?a ngân hàng
Bank Account Deposit Entry;Entri Deposit Akun Bank;;????????;Ngân hàng Ti?n ??t c?c nh?p tài kho?n
BANK ACCOUNT DETAIL;DETAIL AKUN BANK;;??????;NGÂN HÀNG CHI TI?T TÀI KHO?N
Bank Account Name;Nama Akun Bank;;??????;Tên tài kho?n ngân hàng
Bank Account Number;Nomer Akun Bank;;????;S? tài kho?n ngân hàng
Bank Account Opening Balance;Saldo Pembukaan Rekening Bank;;??????;Tài kho?n ngân hàng S? d? ??u n?m
Bank Account Transfer Voucher;Transfer Voucher Rekening Bank;;??????;Chuy?n Voucher tài kho?n ngân hàng
Bank Account Transfers;Transfer Akun Bank;;??????;Chuy?n kho?n ngân hàng
Bank Accounts;Akun Bank;;????;Tài kho?n ngân hàng
Bank Acount Payment Entry;Entri Pembayaran Akun Bank;;????????;Ngân hàng acount nh?p c?nh Thanh toán
Bank Address;Alamat Bank;;????;??a ch? ngân hàng
Bank Balance;Keuangan Bank;;??????;Ngân hàng Cân
Bank Charge;Biaya bank;;?????;Phí ngân hàng
Bank Charge;Biaya bank;;?????;Phí ngân hàng
Bank Deposit;Deposito Bank;;????;Ti?n g?i ngân hàng
Bank Deposit Voucher;Voucher Deposito Bank;;??????;Ngân hàng Ti?n g?i Voucher
Bank Deposit Voucher;Voucher Deposito Bank;;??????;Ngân hàng Ti?n g?i Voucher
Bank Name;Nama Bank;;???;Tên ngân hàng
Bank Name / Account;Nama Bank / Akun;;????/??;Tên ngân hàng / Tài kho?n
Bank payment;Pembayaran Bank;;????;Ngân hàng thanh toán
Bank Payment Voucher;Voucher Pembayaran Bank;;??????;Ngân hàng Phi?u thanh toán
Bank Paymet Voucher;Voucher Pembayaran Bank;;??Paymet?;Ngân hàng Paymet Voucher
Bank Reconcile;Rekonsiliasi Bank;;????;Ngân hàng ti?n hành hoà gi?i
Bank Reconcile;Rekonsiliasi Bank;;????;Ngân hàng ti?n hành hoà gi?i
Bank Reconciliation;Rekonsiliasi Bank;;????;Ngân hàng hòa gi?i
Bank Statement;Pernyataan Bank;;?????;B?n Tuyên B? Ngân hàng
Bank Statments;Laporan Bank;;??Statments;Ngân hàng statments
Banking & GL analytics;Analisis Perbankan & GL;;???GL??;phân tích Ngân hàng & GL
Banking & GL configuration;Konfigurasi Banking & GL;;???GL??;c?u hình Ngân hàng & GL
Banking & GL transactions;Transaksi Perbankan & GL;;???GL??;giao d?ch Ngân hàng & GL
Base Amount Description;Deskripsi Jumlah Dasar;;????;C? s? S? ti?n Mô t?
Base for auto price calculations;Dasar perhitungan;;????????;C? s? cho vi?c tính toán giá ô tô
Basic Data;Data Dasar;;????;D? li?u c? b?n
BCC Address;Alamat BCC;;BCC??;BCC ??a ch?
Begin;Mulai;;??;b?t ??u
Beginning Balance;Saldo awal;;????;B?t ??u Balance
Branch;Cabang;;?;Chi nhánh
BRANCH;CABANG;;?;CHI NHÁNH
Brought Forward;Kedepankan;;???;Mang ra
Budget Entry;Entri Anggaran;;????;ngân sách nh?p c?nh
Budget Entry;Entri Anggaran;;????;ngân sách nh?p c?nh
C.O.G.S. Account;Rekening C.O.G.S;;???????;Chi phí tài kho?n hàng bán
Calculated Return;Pengembalian yang Dihitung;;????;tính Return
Calculation factor;Faktor penghitungan;;????;y?u t? tính
Cancel;Batal;;??;h?y b?
Cancel Delivery;Batalkan Pengiriman;;????;H?y giao hàng
Cancel Order;Batalkan Pesanan;;????;H?y ??n hàng
Cancel invoice;Batalkan Faktur;;????;H?y hóa ??n
Cancel Order;Batalkan Order;;????;H?y ??n hàng
Cash and GL;Tunai dan GL;;???GL;Ti?n và GL
Cash Sales;Penjualan Cash;;????;Bán hàng b?ng ti?n m?t
Category;Kategori;;??;th? lo?i
Category Description;Deskripsi Kategori;;????;Category Description
Category Name;Nama Kategori;;????;tên danh m?c
Category Short Name;Nama Singkat Kategori;;????;Category Name Ng?n
Category Subtype;Subtipe Kategori;;????;Th? lo?i lo?i con
Category Type;Tipe Kategori;;???;Th? lo?i Lo?i
Chart of Accounts;Bagan Akun;;???;Bi?u ?? c?a tài kho?n
Cheque No.;Nomor Cek;;???;Ki?m tra s?
CHEQUE NO.;NOMOR CEK;;?????;KI?M TRA NO.
Cheque Number;Nomor Cek;;????;S? ki?m tra
Class;Kelas;;?;L?p h?c
Closed;Ditutup;;??;?óng
Code;Kode;;?;Mã
COGS Account;Akun COGS;;???????;Chi phí tài kho?n hàng bán
Comments;Komentar;;??;Bình lu?n
Company;Perusahaan;;??;Công ty
Company Logo;Logo Perusahaan;;????;Công ty Logo
Company Maintenance;Perawatan Perusahaan;;????;B?o trì công ty
Company Name;Nama Perusahaan;;???;Tên công ty
Company Setup;Pengaturan Perusahaan;;????;cài ??t công ty
Compare to;Bandingkan Dengan;;???;So v?i
Component;Komponen;;??;component
CONTACT;KONTAK;;??;TI?P XÚC
Contact Categories;Kategori Kontak;;?????;Liên h? Danh m?c
Contact Category Subtype;Tipe Subkategori Kontak;;??????;Liên h? Danh m?c lo?i con
Contact Category Type;Tipe Kategori Kontak;;??????;Liên h? Danh m?c Lo?i
Contact Data;Daca Kontak;;?????;Liên h? d? li?u
Contact Person;Kontak Pribadi;;???;Ng??i liên h?
Contact Phone Number;Nomer Telepon;;????;S? ?i?n tho?i liên h?
Contacts;Kontak;;??;Liên h?
Conversion Factor;Faktor Konversi;;????;chuy?n ??i y?u t?
Conversion Factor (to our UOM);Faktor Konversi (untuk UOM kita);;?????????????;Conversion Factor (?? ??n v? ?o l??ng c?a chúng tôi)
Copy Delivery;Salin Pengiriman;;????;sao chép Delivery
Copy Invoice;Salin Permintaan;;????;sao chép hóa ??n
Cost;Biaya;;??;Giá c?
Cost Update;Pembaruan biaya;;????;c?p nh?t giá
Costed Inventory Movement Report;Laporan Gerakan Inventaris yang Dibutuhkan;;??????????;D? trù kinh phí hàng t?n kho Báo cáo Phong trào
Costed Inventory Movement Report;Laporan Gerakan Inventaris yang Dibutuhkan;;??????????;D? trù kinh phí hàng t?n kho Báo cáo Phong trào
Country;Negara;;??;Qu?c gia
Create a Credit Note;Membuat Catatan Kredit;;??????;T?o m?t Credit Note
Create a Quote;Buat Kutipan;;????;T?o báo giá
Create a Supplier Invoice;Buat Faktur Pemasok;;???????;T?o m?t Invoice Nhà cung c?p
Create an Invoice;Membuat Faktur;;????;T?o m?t hóa ??n
Create and Print Recurring Invoice;Buat dan Cetak Faktur Berulang;;??????????;T?o và In ??nh K? Invoice
Create and Print Recurring Invoices;Buat dan Cetak Faktur Berulang;;??????????;T?o và In hóa ??n ??nh k?
Created By;Dibuat Oleh;;?...??;???c t?o b?i
Created Date;Tanggal Dibuat;;????;ngày t?o ra
Credit;Kredit;;??;tín d?ng
Credit Limit;Batas Kredit;;????;Gi?i h?n tín d?ng
CREDIT NOTE ITEMS;KREDIT CATATAN ITEM;;?????;M?T TÍN D?NG GHI CHÚ
Credit Note Total;Total Catatan Kredit;;??????;Credit Note T?ng s?
Credit Sales;Penjualan Kredit;;????;Kinh doanh tín d?ng
Credit Status;Setatus Kredit;;????;Tình tr?ng tín d?ng
Credit Status Setup;Penyiapan Status Kredit;;??????;Cài ??t Tình tr?ng tín d?ng
Credit your customer for goods returned;Memberikan pelayanan barang retur untuk pelanggan;;???????????;Tín d?ng khách hàng c?a b?n cho hàng hóa tr? l?i
Currencies;Kurs;;??;??n v? ti?n t?
Currency;Kurs;;??;Ti?n t?
CURRENCY;KURS;;??;TI?N T?
Currency Abbreviation;Singkatan mata uang;;????;Tên vi?t t?t t?
Currency Filter;Filter Kurs;;?????;L?c t?
Currency Name;Nama mata uang;;????;Tên ngo?i t?
Currency Symbol;Simbol mata uang;;????;Ký hi?u ti?n t?
Current;Masih Berlaku;;??;Hi?n hành
Current Assets;Aset lancar;;????;Tài s?n l?u ??ng
Current Credit;Kredit Lancar;;????;tín d?ng hi?n t?i
Current Liabilities;Kewajiban Lancar;;????;n? ph?i tr? hi?n t?i
CUST;KUSTOMER;;??;khách hàng
Cust Order Ref;Order Pelanggan Ref;;???????;Cust t? Ref
CUST REF;KUSTOMER REF;;????;Khách hàng ref
Customers;Pelanggan;;??;khách hàng
Customer;Pelanggan;;??;khách hàng
Customer Allocation;Alokasi Nasabah;;????;Phân b? khách hàng
Customer Allocations;Alokasi Pelanggan;;????;Phân b? khách hàng
Customer Branches;Cabang Pelanggan;;????;Chi nhánh khách hàng
Customer Credit Note;Catatan Kredit Pelanggan;;??????;Tín d?ng c?a khách hàng L?u ý
Customer Credit Notes;Catatan Kredit Pelanggan;;??????;Ghi chú tín d?ng c?a khách hàng
Customer Detail Listing;Daftar Detail Pelanggan;;??????;Li?t kê chi ti?t khách hàng
Customer Discount;Diskon Pelanggan;;????;Gi?m giá khách hàng
Customer GST;GST pelanggan;;??GST;GST khách hàng
Customer Ledger;Buku Besar Pelanggan;;????;Ledger khách hàng
Customer Maintenance;Pemeliharaan Pelanggan;;????;B?o trì khách hàng
Customer Name;Nama Pelanggan;;????;tên khách hàng
Customer Payment;Pembayaran Pelanggan;;????;Hóa ??n thanh toán cho khách hàng
Customer Payments;Pembayaran Pelanggan;;????;Thanh toán c?a khách hàng
Customer prompt payment discount;Diskon pembayaran pelanggan;;????????;chi?t kh?u thanh toán nhanh chóng c?a khách hàng
Customer Reference;Referensi Pelanggan;;????;Customer Reference
Customer Short Name;Nama singkat pelanggan;;????;Khách hàng Tên Ng?n
Customer Transaction;Transaksi Pelanggan;;????;giao d?ch khách hàng
Customer Transactions;Transaksi Pelanggan;;????;Giao d?ch khách hàng
Customers and Sales;Pelanggan dan Penjual;;?????;Khách hàng và bán hàng
Customers and Sales Defaults;Pelanggan dan Penjual Tetap;;???????;Khách hàng và Defaults Sales
Customer's Currency;Mata uang pelanggan;;?????;Ngo?i t? c?a khách hàng
CustomerWeekly Sales;Penjualan Mingguan Pelanggan;;??????;Tu?n bán hàng c?a khách hàng
Dashboard;Dashboard;;???;b?ng ?i?u khi?n
Data File;Data Berkas;;????;T?p tin d? li?u
Date;Tanggal;;??;Ngày
DATE;TANGGAL;;??;NGÀY
Date;Tanggal;;??;Ngày
Date for Revaluation;Tanggal Revaluasi;;????;?ánh giá l?i ngày
Date of Deposit;Tanggal Deposito;;????;Ngày Ti?n ??t c?c
Date Sparators;Separator Tanggal;;?????;Separators ngày
DATE UPLOADED;TANGGAL DIUNGGAH;;????;Ngày t?i lên
DateFormat and Separators;Format tanggal dan Separator;;????????;DateFormat và phân tách
Days;Harian;;?;ngày
Days (Or Day In Following Month);Hari (Atau Hari di Bulan Berikut);;?????????????;Ngày (Ho?c Ngày Trong Sau tháng)
Debit;Debet;;??;Ghi n?
Decimal Places;Letak Desimal;;????;??a ?i?m th?p phân
Decimal Separator;Separator Desimal;;?????;Phân s? th?p phân
Decimal Value;Nilai Desimal;;????;Giá tr? th?p phân
Decimals;Desimal;;???;s? th?p phân
Default;Default;;??;M?c ??nh
Default account;Akun Default;;????;Tài kho?n m?c ??nh
Default Base Amount;Jumlah Basis Default;;???????;C? s? S? ti?n m?c ??nh
Default cash account;Akun tunai standar;;??????;tài kho?n ti?n m?t m?c ??nh
Default Credit Limit;Batas Kredit default;;???????;H?n ch? tín d?ng m?c ??nh
Default Currency Account;Kurs Default;;??????;Tài kho?n ngo?i t? m?c ??nh
Default Rate;Tarif Default;;???;T? l? m?c ??nh
Default values for new items;Nilai default untuk item baru;;???????;giá tr? m?c ??nh cho các h?ng m?c m?i
Deli;Kirim;;???;Deli
Del;Hapus;;?????;del
DEL;HAPUS;;??;Xóa b?
Delete;Hapus;;??;Xóa b?
Delete Company Logo;Hapus Logo Perusahaan;;??????;Xóa ty Logo
Deliver from Location;Kirim dari Lokasi;;?????;Cung c?p t? Khu v?c
Deliver To;Dikirim Kepada;;???;cung c?p ??
Deliver to;Dikirim Kepada;;???;cung c?p cho
Delivery;Pengiriman;;??;Chuy?n
Delivery Agains sales Orders;Pengiriman Terhadap Pesanan Penjualan;;????????;Giao Against ??n ??t hàng bán hàng
Delivery Details;DETAIL PENGIRIMAN;;????;Chi ti?t giao hàng
Delivery Note;Catatan Pengiriman;;???;gi?y giao hàng
Delivery Over-Receive Allowance;Tujangan Setelah Menerima Penjualan;;???????;Giao Over-Nh?n Tr? c?p
Delivery Required By;Pengiriman Diperlukan Oleh;;????;Giao hàng theo yêu c?u c?a
Delivery To;Dikirimkan Kepada;;???;Chuy?n t?i
Demand;Permintaan;;??;Nhu c?u
Departement;Departemen;;?;s?
Department Defaults;Default Departemen;;???;Defaults c?c
Department Required By After;Departemen Diperlukan Setelah;;????;V? b?t bu?c By Sau
Deposits;Deposito;;??;ti?n g?i
Description;Deskrkipsi;;??;S? miêu t?
Destination;Tujuan;;???;N?i ??n
Detail;Rincian;;??;Chi ti?t
Difference;Selisih;;??;S? khác bi?t
Dimensions;Ukuran;;????;Kích th??c
Dimensions configuration;Konfigurasi ukuran;;????;c?u hình kích th??c
Direct Delivery;Pengiriman;;????;Giao hàng tr?c ti?p
Direct GRN;GRN Langsung;;??GRN;GRN tr?c ti?p
Direct Invoice;Permintaan;;????;Hóa ??n tr?c ti?p
Disallow Invoices;Larang Faktur;;????;Không cho phép hóa ??n
Discount;Diskon;;??;Gi?m giá
Discount Given;Mendapat Diskon;;????;gi?m Do
Display invoice;Tampilkan faktur;;????;hóa ??n hi?n th?
Display Setup;Setup Tampilan;;????;cài ??t hi?n th?
Display: List of Bank Account Transfer Voucher;Tampilkan: Daftar Voucher akun Bank;;???????????;Hi?n th?: Danh sách Chuy?n Voucher tài kho?n ngân hàng
Display: List of Bank Deposit;Tampilkan: Daftar Deposito Bank;;?????????;Hi?n th?: Danh sách các ngân hàng ti?n g?i
Display: List of Bank Payment;Tampilkan: Daftar Pembayaran Bank;;??????????;Hi?n th?: Danh sách thanh toán Ngân hàng
Dissallow Invoicing;Dissallow Faktur;;?????;Không cho phép hóa ??n
Document Language;Bahasa Dokumen;;????;tài li?u Ngôn ng?
Document Printing;Cetak Dokumen;;????;tài li?u in ?n
Domicile;Domisili;;??;c? trú
DOWN;UNDUH;;?;XU?NG
Download;Unduh;;??;T?i v?
Download: Bank Reconcile;Unduh: Daftar Rekonsiliasi Bank;;???????;T?i v?: Ngân hàng ti?n hành hoà gi?i
Due After/Days;Karena Setelah / Hari;;???/?;Do Sau / ngày
DUE BY;JATUH TEMPO;;????;DO B?I
Due Date;Jatuh Tempo;;????;Ngày ?áo h?n
each;Setiap;;?;m?i
EAN/UPC Code;Kode EAN/UPC;;EAN / UPC??;EAN / UPC Mã
Edit;Ubah;;??;Ch?nh s?a
EDIT;UBAH;;??;CH?NH S?A
Editable description;Deskripsi yang dapat diedit;;????;Mô t? Editable
email;Email;;????;e-mail
E-mail;E-mail;;????;E-mail
Email ( print) statements to all your customer;Email (cetak) pernyataan kepada seluruh pelanggan anda;;???????????????;Email (in) báo cáo cho t?t c? các khách hàng c?a b?n
Email Address;Alamat Email;;??????;?i?a chi? email
email Customer;email pelanggan;;??????;email khách hàng
Email Suppliers;Email Pemasok;;???????;Các nhà cung c?p email
End;Akhir;;??;K?t thúc
End Date;Tanggal Akhir;;????;Ngày cu?i
Ending Balance;Saldo Akhir;;????;K?t thúc Balance
Enter Transfer;Lakunan Transfer;;????;nh?p Chuy?n
Entry Type;Tipe Entry;;????;Lo?i entry
Excange Rates;Nilai Tukar;;??;T? giá h?i ?oái
Exchange Rate;Kurs;;??;T? giá
Exchange Variances Account;Pertukarang Varians Akun;;??????;Tài kho?n trao ??i chênh l?ch
Exclude from sales;Hilangkan dari penjualan;;?????;Lo?i tr? t? vi?c bán
Facsimile No;Nomor Fax;;???;fax Không
Factor;Faktor;;??;H? s?
Fax;Fax;;??;S? fax
Fax Number;Nomor Fax;;???;S? fax
FILENAME;NAMA BERKAS;;???;Tên t?p tin
FILETYPE;TIPE BERKAS;;????;Lo?i t?p
Fiscal Year End;Tahun Fiscal Akhir;;??????;Tài chính cu?i n?m
Fiscal Years;Tahun Fiskal;;????;N?m tài chính
Fiscal Years Begin;Tahun Fiskal Awal;;??????;N?m tài chính b?t ??u
Foreign Item Codes;Kode Barang Asing;;??????;Ngo?i m?c Codes
Forms Setup;Pengaturan Formulir;;????;Các hình th?c cài ??t
From;Dari;;?;T?
From Account;Dari Akun;;???;T? tài kho?n
From Customer;Dari pelanggan;;???;t? khách hàng
From Location;Dari Lokasi;;???;t? Location
Full Name;Nama Lengkap;;??;H? và tên
Full Name;Nama Lengkap;;??;H? và tên
Funds Transfer;Transfer uang;;????;Chuy?n ti?n
General;Umum;;??;Chung
General GL;General GL;;??GL;chung GL
General Ledger Inquiry;Jurnal Umum;;????;General Ledger Inquiry
General Notes;Catatan Umum;;??????;Ghi chú chung
General settings;Pengaturan Umum;;????;cài ??t chung
Get;Ambil;;??;???c
GHI;GHI;;GHI;GHI
GL;GL;;??;General Ledger
GL Account;Akun GL;;GL??;Tài kho?n GL
GL ACCOUNT CLASS DETAIL;DETAIL KELAS AKUN GL;;?????;GL CHI TI?T TÀI KHO?N CLASS
GL Account Classes;Kelas Akun GL;;?????;L?p Tài kho?n GL
GL ACCOUNT GROUP DETAIL;DETAIL GRUP AKUN GL;;GL???????;GL TÀI KHO?N GROUP CHI TI?T
GL Account Groups;Grup Akun GL;;GL???;Nhóm Tài kho?n GL
GL Account Transactions;Akun Transaksi GL;;GL????;Giao d?ch tài kho?n GL
GL Accounts;Akun GL;;GL??;Tài kho?n GL
GNL Valuation Report;Laporan Penilaian GNL;;GNL????;Báo cáo ??nh giá GNL
Graphics;Grafis;;??;?? h?a
GRN Clearing Account;Rekening Kliring GRN;;GRN????;Tài kho?n thanh toán bù tr? GRN
GRN Valuation Report;Laporan Penilaian GRN;;GRN????;Báo cáo ??nh giá GRN
GROUP DETAIL;DETAIL GROUP;;?????;CHI TI?T GROUP
Group Name;Nama Grup;;????;Tên nhóm
Group/Account Name;Nama Grup/Akun;;?/????;Nhóm / Account Name
GST by;GST menurut;;??GST;GST b?i
GST Form 3;Formulir 3 GST;;GST?3;M?u GST 3
GST Grouping Details;Pengelompokkan Detail GST;;GST????;GST Chi ti?t Nhóm
GSTNo;Nomor GST;;GST??;S? GST
Home;Beranda;;?;Nhà
Home Currency;Kurs;;????;nhà ngo?i t?
Host name or IP;Nama host atau IP;;????IP;Host name hay IP
Housekeeping;Pembenahan;;??;Housekeeping
Hundredths name;Nama Ratusan;;????;tên tr?m
Image;Gambar;;??;hình ?nh
Image File;File Gambar;;????;image file
IMEI;IMEI;;IMEI /??;IMEI / Serial Number
Import Data;Impor Data;;????;d? li?u nh?p kh?u
Income;Pendapatan;;??;l?i t?c
Industry Code;Kode Industri;;????;Mã ngành
Inquiry;Penyelidikan;;??;Tin nh?n c?a b?n
Into Bank Account;Ke Rekening Bank;;??????;Vào tài kho?n ngân hàng
Into location;Ke Lokasi;;???;vào v? trí
Into:;Kepada:;;??;thành:
Inventory;Inventaris;;??;Hàng t?n kho
Inventory Account;Akun Persediaan;;????;Tài kho?n hàng t?n kho
Inventory Adjustment;Penyesuaian Persediaan;;????;?i?u ch?nh hàng t?n kho
Inventory Adjustments;Penyesuaian Persediaan;;????;?i?u ch?nh hàng t?n kho
Inventory Adjustments Account;Penyesuaian Persediaan Akun;;??????;Tài kho?n Adjustments Inventory
Inventory analytics;Analisis inventaris;;????;phân tích hàng t?n kho
Inventory Assets;Aset Persediaan;;????;Tài s?n t?n kho
Inventory Category;Kategori Persediaan;;????;Hàng t?n kho lo?i
Inventory Column;Kolom persediaan;;???;Hàng t?n kho C?t
Inventory configuration;Konfigurasi inventaris;;????;c?u hình hàng t?n kho
Inventory Item Cost Update;Pembaharuan Persediaan Biaya Barang;;????????;Hàng t?n kho C?p nh?t m?c chi phí
Inventory Item Movements;Pergerakan Persediaan Barang;;???????;Bi?n ??ng hàng t?n kho hàng
Inventory Item Sales prices;Harga Jual Persediaan Barang;;?????????;giá hàng t?n kho hàng bán hàng
Inventory Item Status;Status Item Persediaan;;??????;Hàng t?n kho m?c Status
Inventory Location;Lokasi Persediaan;;????;Inventory Location
Inventory Location Transfers;Transfer Lokasi Inventaris;;??????;Chuy?n hàng t?n kho Location
Inventory Locations;Lokasi Persediaan;;????;??a ?i?m hàng t?n kho
Inventory Movement Report;Laporan Gerakan Inventaris;;??????;Hàng t?n kho Báo cáo Phong trào
Inventory Movement Types;Jenis Inventaris;;??????;Các lo?i Phong trào Inventory
Inventory Opening Balance;Neraca Pembukaan Persediaan;;??????;Cân ki?m kê khai m?c
Inventory operations;Operasi persediaan;;????;ho?t ??ng hàng t?n kho
Inventory Planning Report;Laporan Perencanaan Inventaris;;??????;Báo cáo K? ho?ch hàng t?n kho
Inventory Purchasing Report;Laporan Pembelian Inventaris;;??????;Báo cáo mua hàng t?n kho
Inventory Sales Report;Laporan Penjualan Inventaris;;??????;Báo cáo hàng t?n kho bán hàng
Inventory Valuation Report;Laporan Penilaian Inventaris;;??????;Hàng t?n kho Báo cáo ??nh giá
Invoice Agains Sales Delivery;Faktur Terhadap Pengiriman Penjualan;;?????????;Invoice Agains Delivery Sales
Invoice Before;Faktur Sebelum;;???;Invoice Tr??c
Invoice date;Tanggal faktur;;????;ngày l?p hóa ??n
Invoice Delivery Details;DETAIL FAKTUR PENGIRIMAN;;??????;Hóa ??n chi ti?t giao hàng
Invoice Number;Nomor Faktur;;????;S? hóa ??n
Invoice Over-Charge Allowance;Tunjangan Setelah Biaya Tagihan;;???????;Invoice Over-Charge Ph? c?p
Is Closed;Akhiri;;???;???c ?óng
Item;Item;;??;M?c
Item Adjustments Note;Penyesuaian Catatan Barang;;??????;M?c Adjustments L?u ý
Item Assembly Costs Account;Biaya Akun Kumpulan Barang;;????????;M?c h?i chi phí tài kho?n
Item Categories;Kategori Barang;;????;m?c Categories
Item Code;Kode Item;;????;Mã hàng
Item Description;Deskripsi Item;;????;mô t? món hàng
Item Like;Barang Sama;;???;Gi?ng nh? m?c
Item Sales summary Report;Laporan Ringkasan Penjualan Barang;;????????;M?c Báo cáo tóm t?t Sales
Item status;Status Barang;;????;tr?ng thái chi ti?t
Item Tax Type;Jenis Pajak Barang;;?????;Lo?i m?c Thu?
Item Type;Jenis Barang;;????;m?c Lo?i
Items;Item;;??;M?t hàng
ITEMS;Barang;;??;M?t hàng
Items Defaults;Barang Default;;?????;m?c Defaults
Journal;Jurnal;;??;t?p chí
Journal Entry;Entri Jurnal;;?????;T?p chí nh?p
Journal Inquiry;jurnal Harian;;????;T?p chí Tin nh?n c?a b?n
Language;Bahasa;;??;ngôn ng?
Last Created;Terakhir dibuat;;????;t?o cu?i
Last Visit;Terakhir;;????;L?n truy c?p tr??c
Last Year;Tahun Sebelumya;;??;N?m ngoái
LEFT TO ALLOCATE;MENGALOKASIKAN;;???;Trong khi ch? phân b?
Legal Text on Invoice;Teks Hukum pada Faktur;;????????;Tiêu ?? pháp lu?t v? hóa ??n
Liabilities;kewajiban;;??;n? ph?i tr?
Line Total;Total Baris;;???;dòng T?ng s?
List of Journal Entries;Daftar Pembukuan Jurnal;;??????;Danh sách Journal Entries
Location;Lokasi;;??;V? trí
Location Code;Kode Lokasi;;????;Mã v? trí
Location Name;Nama Lokasi;;????;Tên ??a ph??ng
Location Transfer;Transfer lokasi;;????;Location Chuy?n
Login Timeout;Batas waktu Login;;????;H?t th?i gian ??ng nh?p
Long Term Liabilities;Kewajiban Jangka Panjang;;????;S? tin c?y dài lâu
Lowes week sales;Penjualan mingguan Terrendah;;?????;bán hàng tu?n Lowes
Mailing Address;Alamat Surat;;????;??a ch? g?i th?
Maintenance;Perbaikkan;;??;B?o trì
Manage branding, financial years, Tax and so on;Mengelola branding, keuangan per tahun, pajak dan sebagainya;;?????????????;Qu?n lý xây d?ng th??ng hi?u, n?m tài chính, thu? và vân vân
Manage Template Bank Reconcile;Kelola Template Rekonsilisasi Bank;;????????;Qu?n lý Template Ngân hàng ti?n hành hoà gi?i
Manage Template List of Bank Account Transfer Voucher;Kelola Template Voucher Transfer Akun Bank;;???????????????;Qu?n lý Template Danh sách Chuy?n Voucher tài kho?n ngân hàng
Manage Template List of Bank Deposit;Kelola Template Daftar Deposito Bank;;???????????;Qu?n lý Template Danh sách Ngân hàng Ti?n ??t c?c
Manage Template List of Bank Payment;Kelola Template Daftar Pembayaran Bank;;???????????;Qu?n lý Template Danh sách thanh toán Ngân hàng
Manage Template Print Credit Notes;Kelola Template cetak Catatan Kredit;;??????????;Qu?n lý Template Ghi chú In Tín d?ng
Manage Template Print Deliveries;Kelola Template Cetak Pengiriman;;????????;Qu?n lý Template Vi?c giao hàng In
Manage Template Print Invoices;Kelola Template Cetak Faktur;;????????;Qu?n lý M?u in hóa ??n
Manage Template print Receipts;Kelola Template Cetak Penerimaan;;????????;Qu?n lý Biên lai in Template
Manage Template Print Sales Order;Kelola Template Cetak Order Penjualan;;??????????;Qu?n lý Template In Sales Order
Manage Template Print Sales Quotations;Kelola Template Cetak Kutipan Penjualan;;??????????;Qu?n lý Template Báo giá In Sales
Manage Template Statements;Kelola Template Pernyataan;;??????;Qu?n lý báo cáo M?u
Manually capture expenses into your bank;Ambil Manual Biaya Ke Bank;;???????????;B?ng tay ch?p chi phí vào ngân hàng c?a b?n
Memo;Catatan;;???;ghi nh?
Miscellaneous;Lainnya;;?;h?n h?p
Mobile Accountant;Mobile akuntan;;?????;K? toán di ??ng
Montly;Bulanan;;???;montly
Name;Nama;;??;Tên
Name and Address;Nama dan Alamat;;?????;Tên và ??a ch?
New Company Logo;Logo Perusahaan Baru;;?????;Công ty New Logo
New Customer;Pelanggan Baru;;???;Khách hàng m?i
New Sales Quotation Entry;Penawaran Pembelian Baru;;????????;Bán hàng m?i báo giá nh?p
New Sales Quotation Entry;Penawaran Pembelian Baru;;????????;Bán hàng m?i báo giá nh?p
NEXT REFERENCE;REFERENSI LANJUTAN;;?????;THAM KH?O TI?P THEO
No Items to display;Tidak ada data;;??????;Không có gì ?? hi?n th?
No records;Data kosong;;????;không có d? li?u
No zero value;Tidak ada nilai kosong;;???;Không có giá tr? zero
Number;Nomor;;?;Con s?
Official Company Number;Nomor Official Perusahaan;;??????;Official S? ty
On Order;Sesuai Pesanan;;??;trên theo th? t?
Only balance;Hanya saldo;;????;cân b?ng ch?
ONLY DOCUMENTS CAN BE PRINTED;HANYA DOKUMEN YANG BISA DICETAK;;?????;CH? V?N B?N có th? ???c in
Opening Balance;Saldo Awal;;????;Balance m?
Opening Balance Date;Tanggal Neraca Pembukaan;;??????;M? Balance ngày
Opening Balances;Saldo Pembukaan;;????;m? d?
Opening Cost (Base Curr);Harga Awal;;??????????;M? Chi phí (Base Curr)
Opening QTY;Kuantitas Awal;;??QTY;m? QTY
Operations;Operasi;;??;ho?t ??ng
Order;Pesanan;;??;G?i món
Order Date;Tanggal Pesanan;;????;Ngày ??t hàng
ORDER DELIVERY DETAILS;DETAIL ORDER PENGIRIMAN;;??????;CHI TI?T TRÌNH T? GIAO
ORDER ITEMS;Barang Pesanan;;????;M?T TRÌNH T?
Order Status Listing;Daftar Status Pesanan;;??????;Li?t kê Tình hình ??n hàng
Order Total;Total Pesanan;;????;?? T?ng s?
Orders Number;Nomor Pesanan;;????;??n ??t hàng S?
Orientation;Orientasi;;??;S? ??nh h??ng
Other;Lain;;??;khác
Outputs/Inputs;Keluaran/Masukan;;??/??;??u ra / ??u vào
Outstanding GRNs Report;Laporan GRN yang Luar Biasa;;???GRNs??;Báo cáo GRNs n?i b?t
Over 60 Days;Lebih Dari 60 Hari;;??60?;H?n 60 ngày
Overdue Sales Invoice;Faktur Penjualan yang telah jatuh tempo;;??????;Hóa ??n quá h?n Sales
Page Size;Ukuran Halaman;;????;Kích th??c trang
Past Due Days Interval;Selang Hari Jatuh Tempo;;??????;Quá H?n Ngày Interval
Pay Expenses;Membayar Beban;;??;tr? chi phí
Pay To;Membayar Kepada;;??;Tr? cho
Pay your suppliers;Membayar pemasok anda;;?????;Tr? nhà cung c?p c?a b?n
Payable Account;Rekening Hutang;;????;Account Payable
Payment;Pembayaran;;??;Thanh toán
Payments;Pembayaran;;??;Thanh toán
PAYMENT ITEMS;ITEM PEMBAYARAN;;????;M?C THANH TOÁN
Payment Link;Link Pembayaran;;????;Liên k?t thanh toán
Payment Report;Laporan Pembayaran;;????;báo cáo thanh toán
Payment Report;Laporan Pembayaran;;????;báo cáo thanh toán
PAYMENT TERM DETAIL;DETAIL WAKTU PEMBAYARAN;;????????;Thanh toán chi ti?t Term
Payment Terms;Jangka Waktu Pembayaran;;????;?i?u kho?n thanh toán
Payment Type;Tipe Pembayaran;;????;Hình th?c thanh toán
Payments to Suppliers;Pembayaran kepada Pemasok;;??????;Thanh toán cho nhà cung c?p
per each;Masing - masing;;??;cho m?i
Percentages;persentase;;???;t? l? ph?n tr?m
Period;Periode;;?;Giai ?o?n
PERSON/ITEM;PERORANGAN/ITEM;;?/ ITEM;NG??I / ITEM
Person/Item;Perorangan/item;;?/?;Ng??i / Item
Phone;Telepon;;??;?i?n tho?i
Phone Number;Nomor Telepon;;????;S? ?i?n tho?i
Physical Address;Alamat Fisik;;????;??a ch? v?t lý
Place Delivery;Simpan Pengiriman;;????;n?i giao hàng
Place Invoice;Simpan faktur;;????;n?i Invoice
Place Quotation;Simpan Penawaran;;????;n?i Báo giá
Place Order;Simpan Order;;???;n?i th? t?
Point of Sale Name;Nama Point of Sale;;??????;Point of Sale Tên
POINT OF SALES DETAIL;DETAIL POIN PENJUALAN;;???????;Point of Sales CHI TI?T
Points of Sale;Poin Penjualan;;???;Nh?ng th?i ?i?m gi?m giá
Port;Port;;??;H?i c?ng
POS location;Lokasi POS;;POS??;POS v? trí
POS Name;Nama POS;;POS??;Tên POS
POS setting;Pengaturan POS;;POS??;thi?t l?p POS
Prepare GST Return;Persiapan Mengembalikkan GST;;????GST;Chu?n b? GST Return
Price;Harga;;??;Giá bán
Price before Tax;Harga Sebelum Pajak;;????;Giá tr??c thu? doanh thu
Price List;Daftar Harga;;???;Danh sách giá
Price Listing;Daftar Harga;;????;Li?t kê giá
Prices;Harga;;??;giá
Prices contain tax included;Harga Sudah Termasuk Pajak;;??????;Giá ch?a ?ã bao g?m thu?
Print Credit Notes;Cetak Catatan Kredit;;??????;In báo ghi có
Print Deliveries;Cetak Pengiriman;;????;Vi?c giao hàng In
Print GST Form 3;Cetak GST Form 3;;??GST?3;M?u GST In 3
Print Invoices;Cetak Faktur;;????;Hoá ??n in
Print Purchase Orders;Cetak Pesanan Pembelian;;??????;??n ??t hàng mua hàng In
Print Receipts;Cetak Penerimaan;;????;Biên lai in
Print Remittances;Cetak Remitansi;;????;Thanh toán qu?c t? In
Print Sales Order;Cetak Pesanan Penjualan;;??????;In Sales Order
Print Sales Quotations;Cetak Penawaran Penjualan;;??????;Báo giá In Sales
Print Statements;Cetak Laporan;;????;báo cáo In
Printer Description;Deskripsi Printer;;?????;máy in Mô t?
Printer Locations;Lokasi Printer;;?????;??a ?i?m máy in
Printer Name;Nama printer;;?????;Tên máy in
Printer Queue;Antrian Printer;;?????;Queue máy in
Printers;Printer;;???;Máy in
Printing Profile;Profil Cetak;;????;in ?n h? s?
Process Deposit;Proses Deposit;;????;Quá trình ti?n g?i
Process Journal Entry;Proses Jurnal;;???????;X? lý Journal nh?p
Process Payment;Proses Pembayaran;;????;Quy trình thanh toán
Product;Produk;;??;s?n ph?m
Product GST Default;Default GST Produk;;??GST??;GST s?n ph?m M?c ??nh
Product Item;Product Barang;;????;m?c s?n ph?m
Product Name;Nama Produk;;????;tên s?n ph?m
Products;Produk;;??;Các s?n ph?m
Profit and Loss;Laba Rugi;;?????;L?i nhu?n và thua l?
Profit and Loss Drilldown;Laba Rugi Drilldown;;????;L?i nhu?n và M?t Drilldown
Profit and Loss Statement;Laporan Laba Rugi;;???;L? Tuyên B?
Profit/Loss Year;Laba / Rugi Tahun;;??/???;L?i nhu?n / l? N?m
Prompt Payment Discount Account;Akun Diskon Pembayaran Cepat;;????????;Tài kho?n chi?t kh?u thanh toán nhanh chóng
Prompt Payment Discount Percent;Prompt Pembayaran Discount Persen;;?????????;Thanh toán nhanh chóng Ph?n tr?m gi?m giá
Provision;Ketentuan;;??;?i?u kho?n
Provision 2;Ketentuan 2;;??2;cung c?p 2
PRT;CETAK;;PRT;PRT
Prt;Cetak;;PRT;prt
Purchase Account;Akun Pembelian;;????;Tài kho?n mua hàng
Purchase analytics;Analisis pembelian;;????;phân tích mua
Purchase configuration;Konfigurasi pembelian;;????;c?u hình mua
Purchase Discount;Diskon Pembelian;;????;mua gi?m giá
Purchase Discount Account;Beli Rekening Diskon;;??????;Mua Tài kho?n gi?m giá
Purchase GST Type;Jenis GST Pembelian;;??GST??;Mua Lo?i GST
Purchase items from supplier;Memberli barang dari pemasok;;?????????;Mua hàng t? nhà cung c?p
Purchase Order;Pesanan pembelian;;????;mua hàng
Purchase Order Delivery;Pengiriman pesanan pembelian;;??????;Mua hàng Giao hàng
Purchase Order Entry;Pembelian Pesanan Masuk;;??????;Mua Order Entry
Purchase Orders;Order pembelian;;??;??n ??t hàng
Purchase transactions;Transaksi pembelian;;????;giao d?ch mua bán
Purchases;Pembelian;;??;Mua hàng
Purchasing GL Account;Akun GL Pembelian;;??GL??;Mua tài kho?n GL
Purchasing Pricing;Harga Pembelian;;????;giá mua
Qty Invoiced;Qty Fakrur;;????;S? l??ng ???c l?p Hoá ??n
Qty Received;Qty Diterima;;?????;S? l??ng nh?n
Qty Yet To Invoice;Qty belum difaktur;;??????;S? l??ng Tuy nhiên, ??i v?i hóa ??n
Quantities;Kuantitas;;??;S? l??ng
Quantity;Jumlah;;??;S? l??ng
Quantity In;Jumlah dalam;;???;S? l??ng Trong
Quantity of Discount;Jumlah Diskon;;?????;S? l??ng gi?m giá
Quantity On Hand;Kuantitas Tersedia;;????;S? l??ng trên tay
Quantity on hand after;Kuantitas Setelah Tersedia;;???????;S? l??ng trên tay sau
Quantity on hand before;Kuantitas Sebelum Tersedia;;??????;S? l??ng trên tay tr??c
Quantity Out;Kuantitas Keluar;;???;S? l??ng Out
Query Page size;Ukuran halaman;;??????;kích th??c Query Trang
Quick Entries;Entri Cepat;;???;Entries nhanh
QUICK ENTRY DETAIL;DETAIL QUICK ENTRY;;????????;CHI TI?T NH?P NHANH
Quotation Delivery Details;RINCIAN PENGIRIMAN PENAWARAN;;??????;Báo giá chi ti?t giao hàng
Quote;Kutipan;;??;Trích d?n
Quote Date;Tanggal Kutipan;;????;Ngày trích d?n
Quote Total;Total Kutipan;;???;Trích T?ng s?
Reason;Alasan;;??;lý do
Receivable Account;Rekening Piutang;;????;Tài kho?n ph?i thu
Receive Into;Menerima Atas;;????;nh?n Into
Receive payment from your customers;Menerima pembayaran dari pelanggan anda;;???????;Nh?n thanh toán t? khách hàng c?a b?n
Received;Diterima;;??;Nh?n
Reconcile;Rekonsiliasi;;??;Hòa gi?i
Reconcile Bank Account;Rekonsiliasi Akun Bank;;??????;Hòa h?p tài kho?n ngân hàng
Reconcile Date;Tanggal Pernyataan;;????;hòa gi?i ngày
Reconciled Amount;Jumlah yang direkonsiliasi;;?????;S? ti?n hòa gi?i
Reference;Referensi;;??;Tài li?u tham kh?o
REFERENCE;REFERENSI;;??;TÀI LI?U THAM KH?O
Remember last document date;Mengingat tanggal dokumen sebelumnya;;?????????;Ghi ngày tài li?u cu?i cùng
Remittances Number;Nomor Pengiriman Uang;;????;ki?u h?i S?
Re-Order Level;Tingkat Pemesanan Ulang;;??????;Re-Order C?p
Reorder Levels;Tingkat Pemesanan Ulang;;?????;M?c S?p x?p l?i
Reports;Laporan;;??;Báo cáo
Reports and Analysis;Laporan dan Analisis;;?????;Các báo cáo và phân tích
Reports and Analysis | GST Form 3;Analisa dan Laporan | GST Form 3;;?????| GST?3;Các báo cáo và phân tích | M?u GST 3
Required Delivery Date;Tanggal Pengiriman yang Dibutuhkan;;??????;C?n ngày giao hàng
Retained Earnings;Pendapatan yang disimpan;;????;Thu nh?p gi? l?i
Revaluate Currencies;Revaluasi Kurs;;????;?ánh giá l?i ti?n t?
Revaluation of Currency Accounts;Revaluasi Akun Kurs;;???????;?ánh giá l?i tài kho?n ngo?i t?
Reverse Transaction;Balik Transaksi;;????;giao d?ch ng??c
Role Name;Nama Role;;????;Tên vai trò
Round to nearest;Putaran ke terdekat;;????;Vòng g?n nh?t
Rounding Difference Account;Akun Pembulatan Perbedaan;;????????;Làm tròn Tài kho?n Chênh l?ch
ROWS;ROW;;ROWS;ROWS
Sales;Penjualan;;??;Bán hàng
Sales Account;Akun Penjualan;;????;Tài kho?n bán hàng
Sales Act;Aktivitas Penjualan;;???;??o lu?t bán hàng
Sales Areas;Wilayah Penjualan;;??;Khu v?c bán hàng
Sales configuration;Konfigurasi penjualan;;????;c?u hình bán hàng
Sales Dashboard;Beranda Penjualan;;?????;B?ng ?i?u khi?n bán hàng
Sales Discount Account;Akun Diskon Penjualan;;??????;Tài kho?n bán hàng gi?m giá
Sales Folk;Penjualan Rakyat;;????;Dân gian bán hàng
Sales GL Account;Akun GL Penjualan;;??GL??;Tài kho?n bán hàng GL
Sales Groups;Grup Penjualan;;????;Nhóm bán hàng
Sales GST Type;Jenis Penjualan GST;;??GST??;Kinh doanh Lo?i hình GST
Sales Invoice;Faktur penjualan;;????;Hóa ??n bán hàng
SALES INVOICE ITEMS;ITEM FAKTUR PENJUALAN;;??????;M?C SALES INVOICE
Sales Kits;Penjualan Kit;;?????;Kits bán hàng
Sales Kits & Alias Codes;Kode Penjualan & Alias;;?????????;Kits Sales & Codes Bí danh
SALES ODER ITEMS;ITEM ORDER PENJUALAN;;??????;Sales Order Items
Sales Order;Daftar Penjualan;;????;??n ??t hàng
Sales Person;Pramuniaga;;????;Ng??i bán hàng
Sales person name;Name penjualan perorangan;;???????;Kinh doanh tên ng??i
Sales Persons;Penjualan Perorangan;;????;Ng??i bán hàng
SALES PERSONS DETAIL;DETAIL PENJUALAN PERORANGAN;;????????;SALES NG??I CHI TI?T
Sales Pricing;Harga Penjualan;;????;giá bán hàng
Sales Quotation;Penawaran Penjualan;;????;Báo giá bán hàng
SALES QUOTATION ITEMS;ITEM PENAWARAN PEMBELIAN;;??????;CH? TIÊU KINH DOANH BÁO GIÁ
Sales related reports;Laporan penjualan terkait;;??????;báo cáo liên quan bán hàng
Sales Summary Report;Laporan Ringkasan Penjualan;;??????;Tóm t?t thông tin bán hàng Báo cáo
Sales transactions;Transaksi penjualan;;????;Doanh s? giao d?ch
Sales Type;Jenis Penjualan;;????;Kinh doanh Lo?i hình
Sales Type Name;Nama Jenis Penjualan;;??????;Lo?i Tên Bán hàng
Sales Types;Jenis Penjualan;;????;Các lo?i bán hàng
Sales Types/Price List;Jenis Penjualan / Daftar Harga;;????/???;Kinh doanh các lo?i / B?ng giá
Salesman Listing;Daftar Salesman;;?????;Li?t kê nhân viên bán hàng
Save;Simpan;;??;Ti?t ki?m
Search;Cari;;??;Tìm ki?m
Search All Sales Quotations;Cari Semua Penawaran Penjualan;;????????;Tìm ki?m T?t c? Báo giá Sales
Search Customer List;Cari Daftar Pelanggan;;??????;Tìm ki?m Danh sách khách hàng
Search Item List;Pencarian Daftar Item;;??????;Tìm ki?m m?c Danh sách
Search Purchase Orders;Cari Pesanan Pembelian;;??????;??n ??t hàng tìm ki?m mua hàng
Search Setting;Pengaturan pencarian;;????;Tìm ki?m Setting
Search Supplier List;Daftar Pemasok Pencarian;;???????;Tìm ki?m Danh sách nhà cung c?p
Search Template for Invoicing;Template Pencarian untuk Faktur;;??????;Tìm M?u hóa ??n
Sec Phone;Telepon Sekunder;;????;sec ?i?n tho?i
Secondary Phone;Telepon Sekunder;;????;?i?n tho?i ph? thông
Secondary Phone Number;Nomor Telepon Sekunder;;??????;S? ?i?n tho?i ph? thông
Seconds;Detik;;?;giây
SECURITY ROLE DETAIL;DETAIL PENGAMANAN ROLE;;??????;An ninh Vai trò chi ti?t
SELECT;PILIH;;??;L?a ch?n
Select a currency;Pilih Kurs;;????;Ch?n ti?n t?
Select a customer;Pilih pelanggan;;????;Ch?n m?t khách hàng
Select a sale kit;Pilih kit penjualan;;?????????;Ch?n m?t b? bán
Select a supplier;Pilih pemasok;;?????;Ch?n m?t nhà cung c?p
Select an item;Pilih Barang;;??????;Ch?n m?t m?c
Sell items or service to your customer;Jual barang atau jasa kepada pelanggan anda;;?????????????;Bán các m?t hàng ho?c d?ch v? cho khách hàng c?a b?n
Send a quotation to your customer;Kirim kutipan pada pelanggan anda;;???????;G?i m?t báo giá cho khách hàng c?a b?n
Send Customer Statements;Kirim pernyataan pelanggan;;??????;G?i báo cáo khách hàng
Setup;Pengaturan;;??;Thi?t l?p
Shipping;Pengiriman;;??;?ang chuy?n hàng
Shipping Charge;Biaya Pengiriman;;??;Phí v?n chuy?n
Shipping Charged Account;Biaya pengiriman tagihan;;??????;Tài kho?n V?n Chuy?n Tính
Shipping Company;Perusahaan Ekspedisi;;????;Công ty v?n t?i bi?n
SHIPPING COMPANY DETAIL;DETAIL PERUSAHAAN PENGIRIMAN;;????????;CHI TI?T CÔNG TY V?N T?I
Short Name;Nama Pendek;;??;Tên ng?n
Show;Lihat;;??;Ch?
Show All;Tampilkan Semua;;????;Hi?n th? t?t c?
Show Also Allocated;Tampilkan Yang Dialokasikan;;?????;Hi?n C?ng phân b?
Show also Inactive;Tampilkan Yang Tidak Aktif;;?????;Hi?n c?ng không ho?t ??ng
Show Balances;Tampilkan Saldo;;????;Hi?n d?
Show GL Information;Tampilkan Informasi GL;;??GL??;Hi?n thông tin GL
Show GP %;Tampilkan GP %;;??GP?;Hi?n GP%
Show hints for new user;Tampilkan bantuan untuk user baru;;???????;Hi?n th? g?i ý cho ng??i dùng m?i
Show inactive;Tampilkan Yang Tidak Aktif;;?????;Hi?n không ho?t ??ng
Show Item Codes;Tampilkan Kode Item;;??????;Hi?n m?c Codes
Show Pictures;Tampilkan Gambar;;????;Hi?n th? hình ?nh
Show Pictures;Tampilkan Gambar;;????;Hi?n th? hình ?nh
Show Settled Item;Tampilkan Item yang Ditetapkan;;??????;Hi?n ??nh c? hàng
Show Shortage;Tampilkan Yang Kurang;;????;Hi?n Thi?u
SIZE;UKURAN;;??;Kích th??c
Special maintenance;Perawatan khusus;;????;b?o trì ??c bi?t
Standard Costs;Biaya Standar;;????;Chi phí tiêu chu?n
Standard Material Cost Per Unit;Biaya Bahan Baku Per Unit;;????????;Chi phí v?t li?u tiêu chu?n m?i ??n v?
Start Date;Tanggal Mulai;;????;ngày b?t ??u
Start-up Tab;Tab Start-up;;?????;Tab kh?i ??ng
Statement of Assets and Liabilities report;Laporan aktiva dan kewajiban;;??????????;B?n Tuyên B? v? Tài s?n và N? ph?i tr? báo cáo
Status;Status;;??;Tr?ng thái
STATUS DETAIL;DETAIL STATUS;;????;Chi ti?t tình tr?ng
Stock Check Sheets;Lembar periksa saham;;?????;C? Ki?m tra Sheets
Stock Location;Lokasi saham;;????;c? Location
Subgroup of;Subgrup dari;;??;phân nhóm c?a
Sum Row;Sum Row;;???;Sum Row
Summary Only;Ringkasan;;????;Ch? tóm t?t
Supp Reference;Referensi pemasok;;????;supp Reference
Supplier;Pemasok;;???;Nhà cung c?p
Supplier Allocation;Alokasi Pemasok;;?????;Phân b? nhà cung c?p
Supplier Allocation Inquiry;Permintaan Alokasi Pemasok;;???????;Nhà cung c?p phân b? Inquiry
Supplier Credit Note;Catatan Kredit Pemasok;;???????;Nhà cung c?p tín d?ng Note
Supplier Credit Notes;Catatan Kredit Pemasok;;???????;Ghi chú nhà cung c?p tín d?ng
Supplier Detail Listing;Daftar detail pemasok;;???????;Nhà cung c?p Li?t kê chi ti?t
Supplier Inquiry;Permintaan Pemasok;;?????;Nhà cung c?p Inquiry
Supplier Invoice;Faktur pemasok;;?????;Hóa ??n nhà cung c?p
Supplier Invoices;Faktur pemasok;;?????;Hoá ??n nhà cung c?p
Supplier Ledger;Buku Besar Pemasok;;??????;Nhà cung c?p Ledger
Supplier Name;Nama Pemasok;;?????;tên ??m
Supplier Opening Balance;Saldo Pembukaan Pemasok;;???????;Cân nhà cung c?p khai m?c
Supplier Payment;Pembayaran Pemasok;;?????;Thanh toán nhà cung c?p
Supplier Purchasing Data;Data Pembelian Pemasok;;???????;Nhà cung c?p d? li?u mua hàng
Supplier transaction;Transaksi Pemasok;;?????;giao d?ch cung c?p
Supplier Transaction;Transaksi Pemasok;;?????;giao d?ch nhà cung c?p
Suppliers;Pemasok;;???;Các nhà cung c?p
Suppliers and Purchasing;Pemasok dan Pembelian;;??????;Các nhà cung c?p và mua hàng
Suppliers and Purchasing Defaults;Pemasok dan Default Pembelian;;????????;Nhà cung c?p và Defaults Mua
Supplier's Code or Description;Kode atau Deskripsi Pemasok;;?????????;Mã ho?c mô t? c?a nhà cung c?p
Supplier's Currency;Kurs pemasok;;??????;Ngo?i t? c?a nhà cung c?p
Supplier's Description;Deskripsi Pemasok;;??????;Nhà cung c?p Mô t?
Suppliers Maintenance;Perawatan Pemasok;;?????;Các nhà cung c?p b?o trì
Supplier's Reference;Referensi Pemasok;;??????;Tham kh?o nhà cung c?p
Supplier's Unit;Unit Pemasok;;??????;??n v? c?a nhà cung c?p
Suppliers Unit of Measure;Pemasok Unit Ukur;;???????;Các nhà cung c?p ??n v? ?o l??ng
Suppress Zero;Suppress Zero;;???;Suppress Zero,
Suppress Zeros;menekan angka nol;;??;Suppress Zeros
Symbol;Simbol;;??;Ký hi?u
System administration;Sistem Administrasi;;????;qu?n tr? h? th?ng
System and General Gl Setup;Sistem dan Pengaturan Umum GL;;?????????;H? th?ng kiêm T?ng Gl Cài ??t
System GL Accounts;Sistem Akun GL;;??GL??;Tài kho?n GL h? th?ng
System GL Accounts Opening Balance;Sistem GL Account Membuka Saldo;;??????????;H? th?ng tài kho?n GL Balance M?
Tag Description;Deskripsi Tag;;????;Tag Mô t?
Tag Name;Nama tag;;???;th? tên
Tax;Pajak;;?;Thu?
Tax Group;Grup Pajak;;??;Nhóm thu?
Tax Id Only;Id pajak saja;;???;Ch? Id thu?
Tax Incl;Termasuk Pajak;;??;thu? Incl
Tax Included;Termasuk Pajak;;??;?ã bao g?m thu?
Tax inclusive;Termasuk pajak;;??;bao g?m c? thu?
Tax Inquiry;Masukan Pajak;;????;thu? Inquiry
Tax Last Period;Periode Pajak Sebelumnya;;????;Thu? giai ?o?n cu?i
Tax Periods;Periode Pajak;;???;Th?i h?n thu?
Tax Report;Laporan Pajak;;????;báo cáo thu?
Tax return and Tax reporting;SPT dan Pelaporan Pajak;;???????;t? khai thu? và báo cáo thu?
Tax Types;Jenis Pajak;;??;Các lo?i thu?
Taxes;Pajak;;?;thu?
Taxes returns and Taxes reporting;SPT dan Pelaporan Pajak;;?????????;?ánh thu? l?i nhu?n và thu? báo cáo
Telephone No.;Nomor Telepon;;?????;?i?n tho?i s?
Telephone number;Nomor telepon;;????;S? ?i?n tho?i
Term Description;Deskripsi Persyaratan;;????;Mô t? thu?t ng?
Terms;Syarat;;??;?i?u ki?n
This Period;Periode Sekarang;;????;Giai ?o?n này
Thousand Separator;Separator Ribuan;;?????;Hàng ngàn máy tách
Time Zone on Reports;Zona Waktu pada Laporan;;?????;Time Zone trên Báo cáo
Timeout;Waktu habis;;???;H?t gi?
To Account;Ke Akun;;???;Tính toán
To Location;Ke Lokasi;;????;?? Location
To The Order Of;Untuk Pesanan;;??...???;V?i th? t? c?a
Total;Total;;?;Toàn b?
TOTAL;TOTAL;;?;TOÀN B?
Total Balance;Total Saldo;;????;T?ng Balance
Total Liabilities and Equitiens;Jumlah Kewajiban dan Ekuitas;;????Equitiens;T?ng N? ph?i tr? và Equitiens
Total Payable of Refund;Total Pembayaran / Kembali;;???????;T?ng s? ph?i n?p c?a Refund
Trans Date;Tanggal Trans;;???;ngày Trans
Trans Number;Nomor Trans;;??;S? Trans
Transaction #;Transaksi #;;???;Giao d?ch #
TRANSACTION TYPE;TIPE TRANSAKSI;;????;LO?I GIAO D?CH
Transactions;Transaksi;;??;giao d?ch
Transfer between Bank Account;Transfer antara Akun Bank;;????????;Chuy?n gi?a tài kho?n ngân hàng
Transfer Date;Tanggal Transfer;;????;Ngày chuy?n giao
Transfer Type;Jenis Transfer;;????;Lo?i chuy?n
Trial Balance;Neraca Saldo;;???;Trial Balance
TYPE;JENIS;;??;KI?U
Type;Tipe;;??;Ki?u
TYPE DETAIL;DETIL JENIS;;??????;CHI TI?T LO?I
Type Name;Nama Jenis;;????;Tên lo?i
Unit;Unit;;??;??n v?
Unit Abbreviation;Singkatan Unit;;????;??n v? Tên vi?t t?t
Unit Cost;Biaya Unit;;????;??n giá
Units;Unit;;??;Các ??n v?
Units of Measure;Satuan Ukur;;????;??n v? ?o l??ng
UPC/EAN code;Kode UPC/EAN;;UPC / EAN?;UPC / EAN
Update;Membarui;;??;c?p nh?t
UPLOAD EXCEL FILE TO IMPORT DATA INTO SYSTEM;UNGGAH EXCEL FILE UNTUK MENGIMPOR DATA KE SISTEM;;??Excel??????????;UPLOAD FILE EXCEL ?? nh?p d? li?u vào h? th?ng
Upload file;Unggah Berkas;;????;C?p nh?t d? li?u
Upload New File;Unggah Berkas baru;;?????;T?i lên New File
Use Icons Instead of Text links;Gunakan Icon untuk Link text;;??????????;S? d?ng bi?u t??ng Thay vì liên k?t ch?
Use popup window for report;Gunakan popup untuk report;;?????????;S? d?ng c?a s? popup cho báo cáo
USER;PENGGUNA;;??;NG??I DÙNG
User Accounts Setup;Pengaturan Akun Pengguna;;??????;User Accounts Cài ??t
USER DETAIL;DETAIL PENGGUNA;;??????;CHI TI?T USER
User login;Login Pengguna;;????;??ng nh?p ng??i dùng
Users;Pengguna;;??;ng??i dùng
User's POS;POS Pengguna;;??POS;POS c?a ng??i s? d?ng
Valid Until;Berlaku Hingga;;????;Ngày h?t h?n
Valuation (Base curr);Penilaian (Base curr);;????????;??nh giá (Base Curr)
View;Lihat;;??;L??t xem
VIEW;LIHAT;;??;L??T XEM
View and reconcile your bank statement;Lihat dan rekonsiliasi laporan bank anda;;??????????;Xem và hòa tuyên b? ngân hàng c?a b?n
View Bank Transaction;Melihat Transaksi Bank;;??????;Xem Ngân hàng giao d?ch
View or Print Transactions;Lihat / Cetak Transaksi;;???????;Xem ho?c In giao d?ch
View payments, receipts and bank tranfer;Lihat pembayaran, kuitansi, dan transfer bank;;????????????;Xem thanh toán, hóa ??n và CK ngân hàng
View your Profit and Loss report;Lihat laporan laba rugi;;???????????;Xem báo cáo l?i nhu?n và m?t mát c?a b?n
Void a Transaction;Batalkan Transaksi;;????;Làm m?t hi?u l?c m?t giao d?ch
Voided;Batal;;??;voided
Warning: This may cause a delay in GL postings;Peringatan: Hal ini dapat menyebabkan keterlambatan dalam pemasangan GL;;?????????GL????;C?nh báo: ?i?u này có th? gây ra s? ch?m tr? trong GL ??ng
Website;Situs Web;;??;Trang m?ng
Work Order;Perintah kerja;;????;Trình t? công vi?c
Work Order Issue;Isu Pesanan Pekerjaan;;????;Công vi?c theo th? t? Issue
Work Order Production;Produksi Pesanan Pekerjaan;;??????;Làm vi?c t? s?n xu?t
Work Session;Sesi Kerja;;????;Bu?i làm vi?c
Zero Values;Nilai Kosong;;???;zero Values
Delivery Against Sales Orders;Pengiriman Order Pembelian;;????????;Giao Against ??n ??t hàng bán hàng
Invoice Against Sales Delivery;Faktur Pengiriman Penjualan;;?????????;Hóa ??n ch?ng Delivery Sales
Allocate Customer Payment or Credit Notes;Alokasikan Pembayaran Pelanggan atau Catatan Kredit;;???????????;Phân b? Thanh toán Khách hàng ho?c ghi chú tín d?ng
Sales Orderman;Sales Orderman;;????;??i di?n bán hàng
Print Sales Orders;Cetak Pesanan Penjualan;;??????;??n ??t hàng In Sales
Cancel Quotation;Batalkan Penawaran;;????;H?y Báo giá
Search All Sales Orders;Cari Semua Pesanan Penjualan;;????????;Tìm ki?m T?t c? các ??n ??t hàng bán hàng
Select customer branch;Pilih cabang pelanggan;;??????;Ch?n ngành hàng
Sales Overdue Invoice;Faktur Penjualan;;??????;Bán hàng quá h?n Invoice
GL Item for Invoice;Item GL untuk Faktur;;GL????;GL m?c cho hóa ??n
Search Outstanding Sales Orders;Cari Pesanan Penjualan;;????????;Tìm ki?m ??n ??t hàng ch?a bán hàng
Search Not Invoiced Deliveries;Cari Pengiriman yang tidak difaktur;;????????;Tìm Vi?c giao hàng ch?a l?p hóa ??n
Select Template for Delivery;Pilih Template untuk Pengiriman;;??????;Ch?n Template cho giao hàng
Portrait;Portrait;;??;Chân dung
Settings;Pengaturan;;??;Cài ??t
LOGIN PAGE;HALAMAN LOGIN;;????;Trang ??ng nh?p
Add;Tambah;;?;Thêm vào
Log Out;Keluar;;??;??ng xu?t
QUICK MENU;MENU PINTAS;;????;Quick menu
